{"cameraMode":{"drawMode":0,"name":"Shaded","section":"Shading Mode"},"sceneLighting":true,"audioPlay":false,"sceneViewState":{"m_AlwaysRefresh":false,"showFog":true,"showSkybox":true,"showFlares":true,"showImageEffects":true,"showParticleSystems":true,"showVisualEffectGraphs":true,"m_FxEnabled":true},"in2DMode":false,"pivot":{"x":-3.6918702125549318,"y":-9.088775634765625,"z":22.045711517333986},"rotation":{"x":0.23927178978919984,"y":0.113291896879673,"z":-0.028121408075094224,"w":0.9639205932617188},"size":14.829404830932618,"orthographic":false}