{"cameraMode":{"drawMode":0,"name":"Shaded","section":"Shading Mode"},"sceneLighting":true,"audioPlay":false,"sceneViewState":{"m_AlwaysRefresh":false,"showFog":true,"showSkybox":true,"showFlares":true,"showImageEffects":true,"showParticleSystems":true,"showVisualEffectGraphs":true,"m_FxEnabled":true},"in2DMode":false,"pivot":{"x":14.783913612365723,"y":-11.914170265197754,"z":18.9438533782959},"rotation":{"x":0.2331041544675827,"y":0.30173927545547488,"z":-0.07634319365024567,"w":0.9213235378265381},"size":18.432052612304689,"orthographic":false}