{"cameraMode":{"drawMode":0,"name":"Shaded","section":"Shading Mode"},"sceneLighting":true,"audioPlay":false,"sceneViewState":{"m_AlwaysRefresh":false,"showFog":true,"showSkybox":true,"showFlares":true,"showImageEffects":true,"showParticleSystems":true,"showVisualEffectGraphs":true,"m_FxEnabled":true},"in2DMode":false,"pivot":{"x":-3.0558414459228517,"y":1.668278694152832,"z":9.013397216796875},"rotation":{"x":0.08999817818403244,"y":0.47319114208221438,"z":-0.04830868914723396,"w":0.8751475811004639},"size":0.21650634706020356,"orthographic":false}