{"cameraMode":{"drawMode":0,"name":"Shaded","section":"Shading Mode"},"sceneLighting":true,"audioPlay":false,"sceneViewState":{"m_AlwaysRefresh":false,"showFog":true,"showSkybox":true,"showFlares":true,"showImageEffects":true,"showParticleSystems":true,"showVisualEffectGraphs":true,"m_FxEnabled":true},"in2DMode":false,"pivot":{"x":-2.3392953872680666,"y":0.15323901176452638,"z":-0.7720867395401001},"rotation":{"x":-0.02814839594066143,"y":0.9066947102546692,"z":-0.06129506230354309,"w":-0.416377454996109},"size":4.606353282928467,"orthographic":false}