{"cameraMode":{"drawMode":0,"name":"Shaded","section":"Shading Mode"},"sceneLighting":true,"audioPlay":false,"sceneViewState":{"m_AlwaysRefresh":false,"showFog":true,"showSkybox":true,"showFlares":true,"showImageEffects":true,"showParticleSystems":true,"showVisualEffectGraphs":true,"m_FxEnabled":true},"in2DMode":false,"pivot":{"x":-3.8191263675689699,"y":0.5550395250320435,"z":0.8665459156036377},"rotation":{"x":-0.02814839594066143,"y":0.9066947102546692,"z":-0.06129506230354309,"w":-0.416377454996109},"size":3.9766550064086916,"orthographic":false}