{"cameraMode":{"drawMode":0,"name":"Shaded","section":"Shading Mode"},"sceneLighting":true,"audioPlay":false,"sceneViewState":{"m_AlwaysRefresh":false,"showFog":true,"showSkybox":true,"showFlares":true,"showImageEffects":true,"showParticleSystems":true,"showVisualEffectGraphs":true,"m_FxEnabled":true},"in2DMode":false,"pivot":{"x":-7.89737606048584,"y":1.7793688774108887,"z":1.4513689279556275},"rotation":{"x":-0.16220399737358094,"y":0.05652168393135071,"z":0.009299964644014836,"w":0.9851109981536865},"size":1.082805871963501,"orthographic":false}