{"cameraMode":{"drawMode":0,"name":"Shaded","section":"Shading Mode"},"sceneLighting":true,"audioPlay":false,"sceneViewState":{"m_AlwaysRefresh":false,"showFog":true,"showSkybox":true,"showFlares":true,"showImageEffects":true,"showParticleSystems":true,"showVisualEffectGraphs":true,"m_FxEnabled":true},"in2DMode":false,"pivot":{"x":-0.32390502095222475,"y":0.7109472155570984,"z":-0.3098737597465515},"rotation":{"x":0.10776875913143158,"y":-0.7714898586273193,"z":0.1358938068151474,"w":0.6122311949729919},"size":0.8660253882408142,"orthographic":false}