{"cameraMode":{"drawMode":0,"name":"Shaded","section":"Shading Mode"},"sceneLighting":true,"audioPlay":false,"sceneViewState":{"m_AlwaysRefresh":false,"showFog":true,"showSkybox":true,"showFlares":true,"showImageEffects":true,"showParticleSystems":true,"showVisualEffectGraphs":true,"m_FxEnabled":true},"in2DMode":false,"pivot":{"x":-1.5833988189697266,"y":1.5861784219741822,"z":9.131464004516602},"rotation":{"x":0.17974601686000825,"y":0.43051037192344668,"z":-0.08763834089040756,"w":0.8802658319473267},"size":0.21650634706020356,"orthographic":false}