{"cameraMode":{"drawMode":0,"name":"Shaded","section":"Shading Mode"},"sceneLighting":true,"audioPlay":false,"sceneViewState":{"m_AlwaysRefresh":false,"showFog":true,"showSkybox":true,"showFlares":true,"showImageEffects":true,"showParticleSystems":true,"showVisualEffectGraphs":true,"m_FxEnabled":true},"in2DMode":false,"pivot":{"x":2.36564302444458,"y":1.1558512449264527,"z":-11.231266021728516},"rotation":{"x":0.0009054699912667275,"y":-0.9969530701637268,"z":-0.011655348353087902,"w":-0.07731042057275772},"size":6.1934404373168949,"orthographic":false}