{"cameraMode":{"drawMode":0,"name":"Shaded","section":"Shading Mode"},"sceneLighting":true,"audioPlay":false,"sceneViewState":{"m_AlwaysRefresh":false,"showFog":true,"showSkybox":true,"showFlares":true,"showImageEffects":true,"showParticleSystems":true,"showVisualEffectGraphs":true,"m_FxEnabled":true},"in2DMode":false,"pivot":{"x":1.2996898889541627,"y":1.529672384262085,"z":-0.7626771330833435},"rotation":{"x":-0.008087387308478356,"y":0.9625339508056641,"z":-0.028884699568152429,"w":-0.2695005536079407},"size":3.5236940383911135,"orthographic":false}