{"cameraMode":{"drawMode":0,"name":"Shaded","section":"Shading Mode"},"sceneLighting":true,"audioPlay":false,"sceneViewState":{"m_AlwaysRefresh":false,"showFog":true,"showSkybox":true,"showFlares":true,"showImageEffects":true,"showParticleSystems":true,"showVisualEffectGraphs":true,"m_FxEnabled":true},"in2DMode":false,"pivot":{"x":23.36782455444336,"y":-0.24231815338134767,"z":42.338016510009769},"rotation":{"x":0.24546478688716889,"y":0.26764827966690066,"z":-0.07071554660797119,"w":0.929041862487793},"size":27.132539749145509,"orthographic":false}