{"cameraMode":{"drawMode":0,"name":"Shaded","section":"Shading Mode"},"sceneLighting":true,"audioPlay":false,"sceneViewState":{"m_AlwaysRefresh":false,"showFog":true,"showSkybox":true,"showFlares":true,"showImageEffects":true,"showParticleSystems":true,"showVisualEffectGraphs":true,"m_FxEnabled":true},"in2DMode":false,"pivot":{"x":1.34292733669281,"y":1.122430443763733,"z":-1.4906343221664429},"rotation":{"x":-0.0005598914576694369,"y":0.927734911441803,"z":0.0013915628660470248,"w":0.3732410967350006},"size":1.5526914596557618,"orthographic":false}