{"cameraMode":{"drawMode":0,"name":"Shaded","section":"Shading Mode"},"sceneLighting":true,"audioPlay":false,"sceneViewState":{"m_AlwaysRefresh":false,"showFog":true,"showSkybox":true,"showFlares":true,"showImageEffects":true,"showParticleSystems":true,"showVisualEffectGraphs":true,"m_FxEnabled":true},"in2DMode":false,"pivot":{"x":0.3571292459964752,"y":0.7551474571228027,"z":10.788370132446289},"rotation":{"x":-0.21013548970222474,"y":-0.24793516099452973,"z":0.055177513509988788,"w":-0.9441267848014832},"size":0.8660283088684082,"orthographic":false}