{"cameraMode":{"drawMode":0,"name":"Shaded","section":"Shading Mode"},"sceneLighting":true,"audioPlay":false,"sceneViewState":{"m_AlwaysRefresh":false,"showFog":true,"showSkybox":true,"showFlares":true,"showImageEffects":true,"showParticleSystems":true,"showVisualEffectGraphs":true,"m_FxEnabled":true},"in2DMode":false,"pivot":{"x":1.3016304969787598,"y":0.7618498802185059,"z":-0.71304851770401},"rotation":{"x":0.0036665811203420164,"y":0.9937425851821899,"z":0.1062355563044548,"w":-0.034297727048397067},"size":1.90269935131073,"orthographic":false}